<?xml version="1.0" encoding="UTF-8"?>
<Configuration>
    <Appenders>
        <RollingFile name = "RollFile" fileName="C:/logs/Quick-Bite.log" filePattern = "C:/logs/%d{yyyy-MM-dd}Quick-Bite.log">
            <PatternLayout pattern="%d{yyyy-MM-dd HH:mm:ss:ms} %-5level %logger{36} - %msg%n"/>
            <Policies>
                    <TimeBasedTriggeringPolicy interval = "1" />
            </Policies>
            <DefaultRollOverStrategy max = "24" />
        </RollingFile>
    </Appenders>
    <Loggers>
        <Root level="info">
            <AppenderRef ref="RollFile"/>
        </Root>
        <logger name = "org.hibernate" level = "off" additivity = "false">
            <AppenderRef ref = "RollFile"/>
        </logger>
        <Logger name="org.springframework" level="off" additivity="false">
            <AppenderRef ref="RollFile"/>
        </Logger>
    </Loggers>
</Configuration>
